<?xml version="1.0" encoding="UTF-8" standalone="no"?><Bundle xmlns="http://hl7.org/fhir">
	<!--Entry in the bundle - will have a resource, or information-->
	<entry>
		<!--A resource in the bundle-->
		<resource>
			<!--Information about an individual or animal receiving health care services-->
			<Patient>
				<id value="001"/>
				<!--An identifier intended for computation-->
				<identifier>
					<system value="NHS"/>
					<value value="3333333333"/>
				</identifier>
				<!--Name of a human - parts and usage-->
				<name>
					<use value="official"/>
					<family value="SMITH"/>
					<given value="FREDRICA"/>
					<prefix value="MRS"/>
				</name>
				<gender value="female"/>
				<!--An address expressed using postal conventions (as opposed to GPS or other locati...-->
				<address>
					<use value="home"/>
					<line value="29 WEST AVENUE"/>
					<line value="BURYTHORPE"/>
					<city value="MALTON"/>
					<district value="NORTH YORKSHIRE"/>
					<postalCode value="YO32 5TT"/>
					<country value="GBR"/>
				</address>
			</Patient>
		</resource>
	</entry>
</Bundle>