<?xml version="1.0" encoding="UTF-8" standalone="no"?><ADT_A05 xmlns="urn:hl7-org:v2xml">
	<MSH>
		<MSH.1>|</MSH.1>
		<MSH.2>^~\&amp;</MSH.2>
		<MSH.3>
			<HD.1>PAS</HD.1>
		</MSH.3>
		<MSH.4>
			<HD.1>RCB</HD.1>
		</MSH.4>
		<MSH.5>
			<HD.1>ROUTE</HD.1>
		</MSH.5>
		<MSH.6>
			<HD.1>ROUTE</HD.1>
		</MSH.6>
		<MSH.7>201001021215</MSH.7>
		<MSH.9>
			<CM_MSG.1>ADT</CM_MSG.1>
			<CM_MSG.2>A28</CM_MSG.2>
			<CM_MSG.3>ADT_A05</CM_MSG.3>
		</MSH.9>
		<MSH.10>13403891320453338075</MSH.10>
		<MSH.11>
			<PT.1>P</PT.1>
		</MSH.11>
		<MSH.12>
			<VID.1>2.4</VID.1>
		</MSH.12>
		<MSH.13>0</MSH.13>
		<MSH.14>20100102121557</MSH.14>
		<MSH.17>GBR</MSH.17>
		<MSH.18>UNICODE</MSH.18>
		<MSH.19>
			<CE.1>EN</CE.1>
		</MSH.19>
		<MSH.21>iTKv1.0</MSH.21>
	</MSH>
	<EVN>
		<EVN.2>201001021213</EVN.2>
		<EVN.5>
			<XCN.1>111111111</XCN.1>
			<XCN.2>
				<FN.1>Cortana</FN.1>
			</XCN.2>
			<XCN.3>Emily</XCN.3>
			<XCN.5>Miss</XCN.5>
			<XCN.7>RCB55</XCN.7>
		</EVN.5>
		<EVN.6>201001021213</EVN.6>
	</EVN>
	<PID>
		<PID.1>1</PID.1>
		<PID.3>
			<CX.1>3333333333</CX.1>
			<CX.4>
				<HD.1>NHS</HD.1>
			</CX.4>
		</PID.3>
		<PID.5>
			<XPN.1>
				<FN.1>SMITH</FN.1>
			</XPN.1>
			<XPN.2>FREDRICA</XPN.2>
			<XPN.3>J</XPN.3>
			<XPN.5>MRS</XPN.5>
			<XPN.7>L</XPN.7>
		</PID.5>
		<PID.6>
			<XPN.1>
				<FN.1>SCHMIDT</FN.1>
			</XPN.1>
			<XPN.2>HELGAR</XPN.2>
			<XPN.3>Y</XPN.3>
		</PID.6>
		<PID.7>196511121515</PID.7>
		<PID.8>2</PID.8>
		<PID.11>
			<XAD.1>
				<SAD.1>29 WEST AVENUE</SAD.1>
			</XAD.1>
			<XAD.2>BURYTHORPE</XAD.2>
			<XAD.3>MALTON</XAD.3>
			<XAD.4>NORTH YORKSHIRE</XAD.4>
			<XAD.5>YO32 5TT</XAD.5>
			<XAD.6>GBR</XAD.6>
			<XAD.7>H</XAD.7>
		</PID.11>
		<PID.13>
			<XTN.1>+441234567890</XTN.1>
		</PID.13>
		<PID.15>
			<CE.1>EN</CE.1>
		</PID.15>
		<PID.16>
			<CE.1>M</CE.1>
		</PID.16>
		<PID.17>
			<CE.1>C22</CE.1>
		</PID.17>
		<PID.22>
			<CE.1>A</CE.1>
		</PID.22>
		<PID.23>Berlin</PID.23>
		<PID.24>N</PID.24>
		<PID.26>
			<CE.1>GBR</CE.1>
		</PID.26>
		<PID.28>
			<CE.1>DEU</CE.1>
		</PID.28>
		<PID.32>ED</PID.32>
	</PID>
	<PD1>
		<PD1.3>
			<XON.1>MALTON GP PRACTICE</XON.1>
			<XON.3>Y06601</XON.3>
		</PD1.3>
		<PD1.4>
			<XCN.1>G5612908</XCN.1>
			<XCN.2>
				<FN.1>Townley</FN.1>
			</XCN.2>
			<XCN.3>Gregory</XCN.3>
			<XCN.6>Dr</XCN.6>
			<XCN.9>
				<HD.1>GMC</HD.1>
			</XCN.9>
		</PD1.4>
	</PD1>
	<NK1>
		<NK1.1>2</NK1.1>
		<NK1.2>
			<XPN.1>
				<FN.1>SMITH</FN.1>
			</XPN.1>
			<XPN.2>FRANCESCA</XPN.2>
			<XPN.5>MRS</XPN.5>
			<XPN.7>L</XPN.7>
		</NK1.2>
		<NK1.3>
			<CE.1>16</CE.1>
		</NK1.3>
		<NK1.4>
			<XAD.1>
				<SAD.1>29 WEST AVENUE</SAD.1>
			</XAD.1>
			<XAD.2>BURYTHORPE</XAD.2>
			<XAD.3>MALTON</XAD.3>
			<XAD.4>NORTH YORKSHIRE</XAD.4>
			<XAD.5>YO32 5TT</XAD.5>
			<XAD.6>GBR</XAD.6>
			<XAD.7>H</XAD.7>
		</NK1.4>
		<NK1.5>
			<XTN.1>+441234567890</XTN.1>
		</NK1.5>
		<NK1.15>1</NK1.15>
		<NK1.16>196311111513</NK1.16>
		<NK1.20>
			<CE.1>EN</CE.1>
		</NK1.20>
	</NK1>
	<PV1>
		<PV1.2>N</PV1.2>
	</PV1>
	<AL1>
		<AL1.1>
			<CE.1>1</CE.1>
		</AL1.1>
		<AL1.2>
			<CE.1>DA</CE.1>
		</AL1.2>
		<AL1.3>
			<CE.1>Z88.5</CE.1>
		</AL1.3>
		<AL1.4>
			<CE.1>5</CE.1>
		</AL1.4>
		<AL1.6>199807011755</AL1.6>
	</AL1>
</ADT_A05>