<Bundle xmlns="http://hl7.org/fhir">
   <meta>
      <tag>
         <system value="http://hl7.org/fhir/v3/ObservationValue"></system>
         <code value="SUBSETTED"></code>
         <display value="Resource encoded in summary mode"></display>
      </tag>
   </meta>
   <entry>
      <resource>
         <Patient xmlns="http://hl7.org/fhir">
            <id value="001"></id>
            <meta>
               <tag>
                  <system value="http://hl7.org/fhir/v3/ObservationValue"></system>
                  <code value="SUBSETTED"></code>
                  <display value="Resource encoded in summary mode"></display>
               </tag>
            </meta>
            <identifier>
               <system value="NHS"></system>
               <value value="3333333333"></value>
            </identifier>
            <name>
               <use value="official"></use>
               <family value="SMITH"></family>
               <given value="FREDRICA"></given>
               <prefix value="MRS"></prefix>
            </name>
            <telecom>
               <system value="phone"></system>
               <value value="+441234567890"></value>
            </telecom>
            <gender value="female"></gender>
            <birthDate value="1965-11-12"></birthDate>
            <address>
               <use value="home"></use>
               <line value="29 WEST AVENUE"></line>
               <line value="BURYTHORPE"></line>
               <city value="MALTON"></city>
               <district value="NORTH YORKSHIRE"></district>
               <postalCode value="YO32 5TT"></postalCode>
               <country value="GBR"></country>
            </address>
            <contact>
               <name>
                  <use value="official"></use>
                  <family value="SMITH"></family>
                  <given value="FRANCESCA"></given>
                  <prefix value="MRS"></prefix>
               </name>
               <telecom>
                  <system value="phone"></system>
                  <value value="+441234567890"></value>
               </telecom>
               <address>
                  <use value="home"></use>
                  <line value="BURYTHORPE"></line>
                  <line value="29 WEST AVENUE"></line>
                  <city value="MALTON"></city>
                  <district value="NORTH YORKSHIRE"></district>
                  <postalCode value="YO32 5TT"></postalCode>
                  <country value="GBR"></country>
               </address>
            </contact>
            <communication>
               <language>
                  <coding>
                     <code value="en"></code>
                  </coding>
               </language>
            </communication>
         </Patient>
      </resource>
   </entry>
   <entry>
      <resource>
         <Practitioner xmlns="http://hl7.org/fhir">
            <meta>
               <tag>
                  <system value="http://hl7.org/fhir/v3/ObservationValue"></system>
                  <code value="SUBSETTED"></code>
                  <display value="Resource encoded in summary mode"></display>
               </tag>
            </meta>
            <identifier>
               <system value="GP_ID"></system>
               <value value="G5612908"></value>
            </identifier>
            <name>
               <family value="Townley"></family>
               <given value="Gregory"></given>
               <prefix value="Dr"></prefix>
            </name>
         </Practitioner>
      </resource>
   </entry>
</Bundle>
