<?xml version="1.0" encoding="UTF-8"?>
<ValueSet xmlns="http://hl7.org/fhir">
	<meta>
		<lastUpdated value="2016-08-30T00:00:00+00:00"/>
	</meta>
	<extension url="http://hl7.org/fhir/StructureDefinition/structuredefinition-fmm">
		<valueInteger value="1" />
	</extension>
	<extension url="http://hl7.org/fhir/StructureDefinition/valueset-oid">
		<valueUri value="urn:oid:2.16.840.1.113883.2.1.3.2.4.15.11.36"/>
	</extension>
	<url value="http://hl7.org.uk/CareConnect-ManufacturedMaterialSnCT-1.valueset.xml"/>
	<name value="CareConnect-ManufacturedMaterialSnCT-1"/>
	<status value="draft"/>
	<publisher value="HL7 UK"/>
	<description value="A code from the SNOMED Clinical Terminology UK coding system that describes a manufactured material (e.g. a pharmaceutical product or personal medical device). These will form part of the NHS dm+d. Any code from the SNOMED CT UK 'Manufactured Material' subset with subset original id 1391000000139; the corresponding SNOMED CT UK Refset fully specified name is 'Manufactured material simple reference set (foundation metadata concept)' with Refset Id 999000031000001105."/>
	<copyright value="This value set includes content from SNOMED CT, which is copyright © 2002+ International Health Terminology Standards Development Organisation (IHTSDO), and distributed by agreement between IHTSDO and HL7. Implementer use of SNOMED CT is not covered by this agreement."/>
	<compose>
		<include>
			<system value="http://snomed.info/sct"/>
			<filter>
				<property value="concept"/>
				<op value="in"/>
				<value value="999000031000001105"/>
			</filter>
		</include>
	</compose>
</ValueSet>