<?xml version="1.0" encoding="UTF-8"?>
<ValueSet xmlns="http://hl7.org/fhir">
	<meta>
		<lastUpdated value="2016-08-29T00:00:00+00:00"/>
	</meta>
	<extension url="http://hl7.org/fhir/StructureDefinition/structuredefinition-fmm">
		<valueInteger value="1" />
	</extension>
	<url value="http://hl7.org.uk/CareConnect-ConditionRelationship-1.valueset.xml"/>
	<name value="CareConnect-ConditionRelationship-1"/>
	<status value="draft"/>
	<publisher value="HL7 UK"/>
	<description value="A set of codes specifying the kind of relationship that exists with a target condition."/>
	<codeSystem>
		<system value="http://hl7.org.uk/fhir/ValueSet/CareConnect-ConditionRelationship"/>
		<concept>
			<code value="combined"/>
			<display value="Combined"/>
			<definition value="This condition is combined/merged with the target condition to form a single logical condition."/>
		</concept>
		<concept>
			<code value="grouped"/>
			<display value="Grouped"/>
			<definition value="This condition is part of a group that includes the target condition as a member of the group."/>
		</concept>
		<concept>
			<code value="replaces"/>
			<display value="Replaces"/>
			<definition value="This condition replaces a previous condition (i.e. a revised diagnosis). The target condition is now obsolete."/>
		</concept>
		<concept>
			<code value="evolved-from"/>
			<display value="Evolved From"/>
			<definition value="This condition has evolved from the target condition."/>
		</concept>
		<concept>
			<code value="onset"/>
			<display value="Onset"/>
			<definition value="This condition follows-on from the target onset condition. Used when specifing a relationship to a previous onset condition when this condition episodicity is Review, Flare or End."/>
		</concept>
	</codeSystem>
</ValueSet>
