<?xml version="1.0" encoding="UTF-8"?>
<ValueSet xmlns="http://hl7.org/fhir">
	<meta>
		<lastUpdated value="2016-08-03T00:00:00+01:00"/>
	</meta>
	<extension url="http://hl7.org/fhir/StructureDefinition/structuredefinition-fmm">
		<valueInteger value="1" />
	</extension>
	<url value="http://hl7.org.uk/CareConnect-TreatmentCategory-1.valueset.xml"/>
	<version value="1.0.0"/>
	<name value="CareConnect-TreatmentCategory-1"/>
	<status value="draft"/>
	<publisher value="HL7 UK"/>
	<description value="A vocabulary that identifies the treatment category for this patient. "/>
	<codeSystem>
		<system value="http://hl7.org.uk/fhir/ValueSet/CareConnect-TreatmentCategory"/>
		<concept>
			<code value="1"/>
			<display value="Exempt from payment - subject to reciprocal health agreement"/>
		</concept>
		<concept>
			<code value="2"/>
			<display value="Exempt from payment - other"/>
		</concept>
		<concept>
			<code value="3"/>
			<display value="To pay hotel fees only"/>
		</concept>
		<concept>
			<code value="4"/>
			<display value="To pay all fees"/>
		</concept>
		<concept>
			<code value="9"/>
			<display value="Charging rate not known"/>
		</concept>
		<concept>
			<code value="8"/>
			<display value="Not applicable"/>
			<definition value="Not an Overseas Visitor"/>
		</concept>
	</codeSystem>
</ValueSet>
