<?xml version="1.0" encoding="UTF-8"?>
<ValueSet xmlns="http://hl7.org/fhir">
	<meta>
		<lastUpdated value="2016-08-29T00:00:00+00:00"/>
	</meta>
    <extension url="http://hl7.org/fhir/StructureDefinition/structuredefinition-fmm">
      <valueInteger value="1" />
    </extension>
	<url value="http://hl7.org.uk/CareConnect-MedicationSupplyType-1.valueset.xml"/>
	<name value="CareConnect-MedicationSupplyType-1"/>
	<status value="draft"/>
	<publisher value="HL7 UK"/>
	<description value="Indicates the legal/contractual nature of a prescription. This valueset references the vocabulary for EhrSupplyType in the NPfIT Message Implementation Manual 7.2.02."/>
	<copyright value="This value set includes content from SNOMED CT, which is copyright © 2002+ International Health Terminology Standards Development Organisation (IHTSDO), and distributed by agreement between IHTSDO and HL7. Implementer use of SNOMED CT is not covered by this agreement."/>
	<codeSystem>
		<system value="http://snomed.info/sct"/>
		<concept>
			<code value="394823007"/>
			<display value="NHS Prescription"/>
		</concept>
		<concept>
			<code value="394824001"/>
			<display value="Private Prescription"/>
		</concept>
		<concept>
			<code value="394825000"/>
			<display value="ACBS Prescription"/>
		</concept>
		<concept>
			<code value="394826004"/>
			<display value="OTC sale"/>
		</concept>
		<concept>
			<code value="394827008"/>
			<display value="Personal Administration"/>
		</concept>
	</codeSystem>
</ValueSet>
