<?xml version="1.0" encoding="UTF-8"?>
<ValueSet xmlns="http://hl7.org/fhir">
	<meta>
		<lastUpdated value="2016-08-29T00:00:00+00:00"/>
	</meta>
    <extension url="http://hl7.org/fhir/StructureDefinition/structuredefinition-fmm">
      <valueInteger value="1" />
    </extension>
	<url value="http://hl7.org.uk/CareConnect-ConditionCategory-1.valueset.xml"/>
	<name value="CareConnect-ConditionCategory-1"/>
	<status value="draft"/>
	<publisher value="HL7 UK"/>
	<description value="Condition category codes."/>
	<codeSystem>
		<system value="http://hl7.org.uk/fhir/ValueSet/CareConnect-ConditionCategory"/>
		<concept>
			<code value="complaint"/>
			<display value="Complaint"/>
		</concept>
		<concept>
			<code value="symptom"/>
			<display value="Symptom"/>
		</concept>
		<concept>
			<code value="finding"/>
			<display value="Finding"/>
		</concept>
		<concept>
			<code value="diagnosis"/>
			<display value="Diagnosis"/>
		</concept>
		<concept>
			<code value="problem"/>
			<display value="Problem"/>
		</concept>
		<concept>
			<code value="need"/>
			<display value="Need"/>
		</concept>
	</codeSystem>
</ValueSet>
