<?xml version="1.0" encoding="UTF-8"?>
<ValueSet xmlns="http://hl7.org/fhir">
	<meta>
		<lastUpdated value="2016-08-03T00:00:00+01:00"/>
	</meta>
	<extension url="http://hl7.org/fhir/StructureDefinition/structuredefinition-fmm">
		<valueInteger value="1" />
	</extension>
	<url value="http://hl7.org.uk/CareConnect-ResidentialStatus-1.valueset.xml"/>
	<version value="1.0.0"/>
	<name value="CareConnect-ResidentialStatus-1"/>
	<status value="draft"/>
	<publisher value="HL7 UK"/>
	<description value="A vocabulary that identifies the residential status of a patient. "/>
	<codeSystem>
		<system value="http://hl7.org.uk/fhir/ValueSet/CareConnect-ResidentialStatus"/>
		<concept>
			<code value="H"/>
			<display value="UK Resident"/>
		</concept>
		<concept>
			<code value="O"/>
			<display value="Overseas Resident"/>
		</concept>
	</codeSystem>
</ValueSet>
