<?xml version="1.0" encoding="UTF-8"?>
<ValueSet xmlns="http://hl7.org/fhir">
	<meta>
		<lastUpdated value="2016-08-29T00:00:00+00:00"/>
	</meta>
    <extension url="http://hl7.org/fhir/StructureDefinition/structuredefinition-fmm">
        <valueInteger value="1" />
    </extension>
	<url value="http://hl7.org.uk/CareConnect-ConditionEpisodicity-1.valueset.xml"/>
	<name value="CareConnect-ConditionEpisodicity-1"/>
	<status value="draft"/>
	<publisher value="HL7 UK"/>
	<description value="Specifies the episodicity of a condition."/>
	<codeSystem>
		<system value="http://hl7.org.uk/fhir/ValueSet/CareConnect-ConditionEpisodicity"/>
		<concept>
			<code value="first"/>
			<display value="First"/>
			<definition value="The first episode of a condition."/>
		</concept>
		<concept>
			<code value="new"/>
			<display value="New"/>
			<definition value="A new episode of a previously recorded condition."/>
		</concept>
		<concept>
			<code value="review"/>
			<display value="Review"/>
			<definition value="A review of an existing condition episode."/>
		</concept>
		<concept>
			<code value="flare"/>
			<display value="Flare"/>
			<definition value="A flare-up of an existing condition episode."/>
		</concept>
		<concept>
			<code value="end"/>
			<display value="End"/>
			<definition value="Marks the end of an existing condition episode."/>
		</concept>
	</codeSystem>
</ValueSet>
