<?xml version="1.0" encoding="UTF-8"?>
<ValueSet xmlns="http://hl7.org/fhir">
	<meta>
		<lastUpdated value="2016-08-03T00:00:00+01:00"/>
	</meta>
	<extension url="http://hl7.org/fhir/StructureDefinition/structuredefinition-fmm">
		<valueInteger value="1" />
	</extension>
	<url value="http://hl7.org.uk/CareConnect-RegistrationType-1.valueset.xml"/>
	<name value="CareConnect-RegistrationType-1"/>
	<status value="draft"/>
	<publisher value="HL7 UK"/>
	<description value="A vocabulary that identifies the type of registration for a patient at a healthcare organisation."/>
	<codeSystem>
		<system value="http://hl7.org.uk/fhir/ValueSet/CareConnect-RegistrationType"/>
		<concept>
			<code value="R"/>
			<display value="Regular"/>
		</concept>
		<concept>
			<code value="E"/>
			<display value="Emergency"/>
		</concept>
		<concept>
			<code value="IN"/>
			<display value="Immediately necessary"/>
		</concept>
		<concept>
			<code value="T"/>
			<display value="Temporary"/>
		</concept>
		<concept>
			<code value="P"/>
			<display value="Private"/>
		</concept>
		<concept>
			<code value="O"/>
			<display value="Other"/>
		</concept>
		<concept>
			<code value="S"/>
			<display value="Synthetic Record"/>
		</concept>
	</codeSystem>
</ValueSet>
