<ValueSet xmlns="http://hl7.org/fhir">
	<meta>
		<lastUpdated value="2016-08-03T00:00:00+01:00"/>
	</meta>
	<extension url="http://hl7.org/fhir/StructureDefinition/structuredefinition-fmm">
		<valueInteger value="1" />
	</extension>
	<extension url="http://hl7.org/fhir/StructureDefinition/valueset-oid">
		<valueUri value="urn:oid:2.16.840.1.113883.2.1.3.2.4.16.45"/>
	</extension>
	<url value="http://hl7.org.uk/CareConnect-PersonRelationshipType-1.valueset.xml"/>
	<version value="1.0.0"/>
	<name value="CareConnect-PersonRelationshipType-1"/>
	<status value="draft"/>
	<publisher value="HL7 UK"/>
	<description value="A relationship between one person and another. These relationships are not necessarily mutually exclusive, for example a parent may be a child's next of kin. Includes the set of values defined in e-GIF Person Relationship Type"/>
	<codeSystem>
		<system value="http://hl7.org.uk/fhir/ValueSet/CareConnect-PersonRelationshipType"/>
		<concept>
			<code value="01"/>
			<display value="Spouse"/>
		</concept>
		<concept>
			<code value="02"/>
			<display value="Partner"/>
		</concept>
		<concept>
			<code value="03"/>
			<display value="Parent"/>
		</concept>
		<concept>
			<code value="04"/>
			<display value="Next of kin"/>
		</concept>
		<concept>
			<code value="05"/>
			<display value="Guardian"/>
			<definition value="Other than a parent"/>
		</concept>
		<concept>
			<code value="06"/>
			<display value="Foster parent"/>
		</concept>
		<concept>
			<code value="07"/>
			<display value="Step parent"/>
		</concept>
		<concept>
			<code value="08"/>
			<display value="Polygamous partner"/>
		</concept>
		<concept>
			<code value="09"/>
			<display value="Child"/>
		</concept>
		<concept>
			<code value="10"/>
			<display value="Dependant"/>
		</concept>
		<concept>
			<code value="11"/>
			<display value="Non-dependant"/>
		</concept>
		<concept>
			<code value="12"/>
			<display value="Mother"/>
		</concept>
		<concept>
			<code value="13"/>
			<display value="Father"/>
		</concept>
		<concept>
			<code value="14"/>
			<display value="Sister"/>
		</concept>
		<concept>
			<code value="15"/>
			<display value="Brother"/>
		</concept>
		<concept>
			<code value="16"/>
			<display value="Relative"/>
		</concept>
		<concept>
			<code value="17"/>
			<display value="Proxy - Contact"/>
		</concept>
		<concept>
			<code value="18"/>
			<display value="Proxy - Communication"/>
		</concept>
		<concept>
			<code value="19"/>
			<display value="Proxy - Contact and Communication"/>
		</concept>
		<concept>
			<code value="20"/>
			<display value="Carer"/>
		</concept>
		<concept>
			<code value="21"/>
			<display value="Self"/>
		</concept>
		<concept>
			<code value="98"/>
			<display value="Not Known"/>
		</concept>
		<concept>
			<code value="99"/>
			<display value="Not specified"/>
		</concept>
		<concept>
			<code value="22"/>
			<display value="Wife"/>
		</concept>
		<concept>
			<code value="23"/>
			<display value="Husband"/>
		</concept>
		<concept>
			<code value="24"/>
			<display value="Maternal Grand-Father"/>
		</concept>
		<concept>
			<code value="25"/>
			<display value="Maternal Grand-Mother"/>
		</concept>
		<concept>
			<code value="26"/>
			<display value="Paternal Grand-Father"/>
		</concept>
		<concept>
			<code value="27"/>
			<display value="Paternal Grand-Mother"/>
		</concept>
		<concept>
			<code value="28"/>
			<display value="Grand-Son"/>
		</concept>
		<concept>
			<code value="29"/>
			<display value="Grand-Daughter"/>
		</concept>
		<concept>
			<code value="30"/>
			<display value="Aunt"/>
		</concept>
		<concept>
			<code value="31"/>
			<display value="Uncle"/>
		</concept>
		<concept>
			<code value="32"/>
			<display value="Niece"/>
		</concept>
		<concept>
			<code value="33"/>
			<display value="Nephew"/>
		</concept>
		<concept>
			<code value="34"/>
			<display value="Step-Mother"/>
		</concept>
		<concept>
			<code value="35"/>
			<display value="Step-Father"/>
		</concept>
		<concept>
			<code value="36"/>
			<display value="Step-Son"/>
		</concept>
		<concept>
			<code value="37"/>
			<display value="Step-Daughter"/>
		</concept>
		<concept>
			<code value="38"/>
			<display value="Civil Partner"/>
		</concept>
		<concept>
			<code value="39"/>
			<display value="Ex-Wife"/>
		</concept>
		<concept>
			<code value="40"/>
			<display value="Ex-Husband"/>
		</concept>
		<concept>
			<code value="41"/>
			<display value="Ex-Civil Partner"/>
		</concept>
		<concept>
			<code value="42"/>
			<display value="Son"/>
		</concept>
		<concept>
			<code value="43"/>
			<display value="Daughter"/>
		</concept>
		<concept>
			<code value="44"/>
			<display value="Grandparent"/>
		</concept>
		<concept>
			<code value="45"/>
			<display value="Grandchild"/>
		</concept>
		<concept>
			<code value="46"/>
			<display value="Friend"/>
		</concept>
		<concept>
			<code value="47"/>
			<display value="Neighbour"/>
		</concept>
		<concept>
			<code value="48"/>
			<display value="Work Colleague"/>
		</concept>
		<concept>
			<code value="49"/>
			<display value="Person with Parental Responsibility"/>
		</concept>
		<concept>
			<code value="50"/>
			<display value="Informal Partner"/>
		</concept>
		<concept>
			<code value="51"/>
			<display value="Non-relative lived with for at least 5 years"/>
		</concept>
	</codeSystem>
</ValueSet>
