<?xml version="1.0" encoding="UTF-8"?>
<ValueSet xmlns="http://hl7.org/fhir">
	<meta>
		<lastUpdated value="2016-08-03T00:00:00+01:00"/>
	</meta>
	<extension url="http://hl7.org/fhir/StructureDefinition/structuredefinition-fmm">
		<valueInteger value="1"/>
	</extension>
	<url value="http://hl7.org.uk/CareConnect-AllergyCertainty-1.valueset.xml"/>
	<name value="CareConnect-AllergyCertainty-1"/>
	<status value="draft"/>
	<publisher value="HL7 UK"/>
	<description value="A code from the SNOMED Clinical Terminology UK coding system that describes the certainty of an allergy."/>
	<copyright value="This value set includes content from SNOMED CT, which is copyright © 2002+ International Health Terminology Standards Development Organisation (IHTSDO), and distributed by agreement between IHTSDO and HL7. Implementer use of SNOMED CT is not covered by this agreement."/>
	<codeSystem>
		<system value="http://snomed.info/sct"/>
		<concept>
			<code value="1491118016"/>
			<display value="Unlikely [The reaction is thought unlikely to have been caused by the agent.]"/>
		</concept>
		<concept>
			<code value="5961011"/>
			<display value="Likely [The reaction is thought likely to have been caused by the agent.]"/>
			<definition value="Likely [The reaction is thought likely to have been caused by the agent.]"/>
		</concept>
		<concept>
			<code value="255545003"/>
			<display value="Definite (qualifier value)"/>
		</concept>
		<concept>
			<code value="410605003"/>
			<display value="(Confirmed present (qualifier value))"/>
		</concept>
	</codeSystem>
</ValueSet>
