<?xml version="1.0" encoding="UTF-8"?>
<ValueSet xmlns="http://hl7.org/fhir">
	<meta>
		<lastUpdated value="2016-08-03T00:00:00+01:00"/>
	</meta>
	<extension url="http://hl7.org/fhir/StructureDefinition/structuredefinition-fmm">
		<valueInteger value="1" />
	</extension>
	<url value="http://hl7.org.uk/CareConnect-RegistrationStatus-1.valueset.xml"/>
	<name value="CareConnect-RegistrationStatus-1"/>
	<status value="draft"/>
	<publisher value="HL7 UK"/>
	<description value="A vocabulary that identifies the status of registration for a patient at the healthcare organisation."/>
	<codeSystem>
		<system value="http://hl7.org.uk/fhir/ValueSet/CareConnect-RegistrationStatus"/>
		<concept>
			<code value="A"/>
			<display value="Active"/>
		</concept>
		<concept>
			<code value="D"/>
			<display value="Deduction Pending"/>
		</concept>
		<concept>
			<code value="I"/>
			<display value="Inactive"/>
		</concept>
		<concept>
			<code value="R"/>
			<display value="Registration Pending"/>
		</concept>
	</codeSystem>
</ValueSet>
