<?xml version="1.0" encoding="UTF-8"?>
<ValueSet xmlns="http://hl7.org/fhir">
	<meta>
		<lastUpdated value="2015-10-27T00:00:00+00:00"/>
	</meta>
	<extension url="http://hl7.org/fhir/StructureDefinition/structuredefinition-fmm">
		<valueInteger value="1" />
	</extension>
	<extension url="http://hl7.org/fhir/StructureDefinition/valueset-sourceReference">
		<valueUri value="http://www.datadictionary.nhs.uk/data_dictionary/data_field_notes/n/nhs/nhs_number_status_indicator_code_de.asp?shownav=0"/>
	</extension>
	<url value="http://hl7.org.uk/CareConnect-NhsNumberVerificationStatus-1.valueset.xml"/>
	<version value="1.0.0"/>
	<name value="CareConnect-NhsNumberVerificationStatus-1"/>
	<status value="draft"/>
	<publisher value="HL7 UK"/>
	<description value="NHS number verification status.  This valueset is comprised of codes from NHS Data Dictionary: NHS Number Status Indicator Code."/>
	<codeSystem>
		<system value="http://hl7.org.uk/fhir/ValueSet/CareConnect-NhsNumberVerificationStatus"/>		
		<concept>
			<code value="01"/>
			<display value="Number present and verified"/>
		</concept>		
		<concept>
			<code value="02"/>
			<display value="Number present but not traced"/>
		</concept>		
		<concept>
			<code value="03"/>
			<display value="Trace required"/>
		</concept>		
		<concept>
			<code value="04"/>
			<display value="Trace attempted - No match or multiple match found"/>
		</concept>		
		<concept>
			<code value="05"/>
			<display value="Trace needs to be resolved - (NHS number or patient detail conflict)"/>
		</concept>		
		<concept>
			<code value="06"/>
			<display value="Trace in progress"/>
		</concept>		
		<concept>
			<code value="07"/>
			<display value="Number not present and trace not required"/>
		</concept>		
		<concept>
			<code value="08"/>
			<display value="Trace postponed (baby under six weeks old)"/>
		</concept>		
	</codeSystem>
</ValueSet>
